"id","site","job_url","job_url_direct","title","company","location","date_posted","job_type","salary_source","interval","min_amount","max_amount","currency","is_remote","job_level","job_function","listing_type","emails","description","company_industry","company_url","company_logo","company_url_direct","company_addresses","company_num_employees","company_revenue","company_description","skills","experience_range","company_rating","company_reviews_count","vacancy_count","work_from_home_type"
"in-c4456e214042ec5b","indeed","https://www.indeed.com/viewjob?jk=c4456e214042ec5b","https://joinbytedance.com/search/7668650945276168453","Software Engineer Intern (Global Payment) - 2027 Summer","ByteDance","San Jose, CA, US","2026-08-17","internship","","hourly","","","USD",True,"","","","","Location
  
:
  
  
San Jose
  
  
Team
  
:
  
  
Backend
  
  
Employment Type
  
:
  
  
Intern
  
  
Job Code
  
:
  
  
A161297
  
  
Responsibilities
  
  
The Global Payments team builds the financial infrastructure that powers commerce at global scale. We enable reliable, secure, and seamless money movement for customers and merchants across markets.
  
Within the broader team, you may work in one of two closely connected areas:
  
Payment Product builds standardized platform capabilities across payments, refunds, settlement, merchant services, billing, and related financial workflows. The team develops reusable products and infrastructure for multiple businesses, markets, and payment methods.
  
Payment Solutions partners closely with business and product teams to design and deliver end-to-end payment solutions. The team connects commerce systems with payment platform capabilities, transforming complex requirements into scalable and reliable customer and merchant experiences.
  
Together, these teams combine deep payment expertise, large-scale distributed systems, and AI-powered engineering to build the next generation of global commerce infrastructure.
  
  
We are looking for talented individuals to join us for an internship. Our internship program offers students hands-on experience, industry exposure, and opportunities to apply their knowledge to real-world challenges while building a strong foundation for personal and professional growth.
  
Interns will gain practical experience, explore potential career paths, and participate in social events, learning programs, and development workshops alongside industry professionals.
  
Candidates may apply to a maximum of two positions across Our Company and its affiliates globally. Applications will be considered in the order they are submitted.
  
Applications are reviewed on a rolling basis, so we encourage you to apply early. Please clearly state your availability in your resume, including your start and end dates.
  
  
Resposibilities
  

* Design, develop, test, and operate high-quality backend services for global payment and financial systems.
* Build standardized capabilities across payments, refunds, settlement, merchant services, billing, and other critical money-movement workflows.
* Develop end-to-end payment solutions by connecting business systems with payment platform capabilities across multiple services, markets, and partners.
* Improve the scalability, availability, performance, security, and observability of systems processing high-volume financial transactions.
* Apply AI-assisted engineering tools to accelerate software development, testing, debugging, incident analysis, and operational automation.
* Explore AI-native capabilities and agent-based workflows that improve payment operations, engineering productivity, risk detection, and issue resolution.
* Collaborate with product managers, engineers, data scientists, operations teams, and external payment partners to solve complex technical and business problems.
* Participate in technical design, code reviews, production-readiness reviews, monitoring, and troubleshooting.
* Learn the fundamentals of payment systems and contribute ideas that create measurable customer, merchant, and business impact.

Qualifications
  
  
Minimum Qualification(s)
  

* Currently pursuing a Undergraduate in Computer Science or a related technical discipline.
* Proficiency in at least one general-purpose programming language, such as Go, Java, C++, Python, or a similar language.
* Strong understanding of data structures, algorithms, operating systems, databases, computer networks, or distributed systems.
* Ability to analyze complex problems, break them into clear components, and develop practical solutions.

Preferred Qualification(s)
  

* Strong communication skills and the ability to work effectively in a collaborative, cross-functional environment.

Job Information
  
  
【For Pay Transparency】Compensation Description (Hourly) - Campus Intern
  
  
The hourly rate range for this position in the selected city is $45- $45.
  
  
​
  
  
Benefits may vary depending on the nature of employment and the country work location. Interns have day one access to health insurance, life insurance, wellbeing benefits and more. Interns also receive 10 paid holidays per year and paid sick time (56 hours if hired in first half of year, 40 if hired in second half of year). Interns who are not working 100% remote may also be eligible for housing allowance.
  
  
​
  
  
The Company reserves the right to modify or change these benefits programs at any time, with or without notice.
  
  
​
  
  
**For Los Angeles County (unincorporated) Candidates:**  
​
  
  
Qualified applicants with arrest or conviction records will be considered for employment in accordance with all federal, state, and local laws including the Los Angeles County Fair Chance Ordinance for Employers and the California Fair Chance Act. Our company believes that criminal history may have a direct, adverse and negative relationship on the following job duties, potentially resulting in the withdrawal of the conditional offer of employment:
  
  
​
  
  
1. Interacting and occasionally having unsupervised contact with internal/external clients and/or colleagues;
  
  
​
  
  
2. Appropriately handling and managing confidential information including proprietary and trade secret information and access to information technology systems; and
  
  
​
  
  
3. Exercising sound judgment.
  
  
​
  
  
About Us
  
  
Founded in 2012, ByteDance's mission is to inspire creativity and enrich life. With a suite of more than a dozen products, including TikTok, Lemon8, CapCut and Pico as well as platforms specific to the China market, including Toutiao, Douyin, and Xigua, ByteDance has made it easier and more fun for people to connect with, consume, and create content.
  
  
​
  
  
Why Join ByteDance
  
  
Inspiring creativity is at the core of ByteDance's mission. Our innovative products are built to help people authentically express themselves, discover and connect – and our global, diverse teams make that possible. Together, we create value for our communities, inspire creativity and enrich life - a mission we work towards every day.
  
  
​
  
  
As ByteDancers, we strive to do great things with great people. We lead with curiosity, humility, and a desire to make impact in a rapidly growing tech company. By constantly iterating and fostering an ""Always Day 1"" mindset, we achieve meaningful breakthroughs for ourselves, our Company, and our users. When we create and grow together, the possibilities are limitless. Join us.
  
  
​
  
  
Diversity & Inclusion
  
  
​
  
  
ByteDance is committed to creating an inclusive space where employees are valued for their skills, experiences, and unique perspectives. Our platform connects people from across the globe and so does our workplace. At ByteDance, our mission is to inspire creativity and enrich life. To achieve that goal, we are committed to celebrating our diverse voices and to creating an environment that reflects the many communities we reach. We are passionate about this and hope you are too.
  
  
​
  
  
Reasonable Accommodation
  
  
ByteDance is committed to providing reasonable accommodations in our recruitment processes for candidates with disabilities, pregnancy, sincerely held religious beliefs or other reasons protected by applicable laws. If you need assistance or a reasonable accommodation, please reach out to us at
  
  
https://tinyurl.com/RA-request","","https://www.indeed.com/cmp/Bytedance","https://d2q79iu7y748jz.cloudfront.net/s/_squarelogo/256x256/8f4d80ac074d9a65cbadcaa7d49cd411","http://www.bytedance.com","Beijing, Beijing","10,000+","Decline to state","ByteDance is a global incubator of platforms at the cutting edge of commerce, content and entertainment services - over 1.9 billion people interact with ByteDance products monthly.","","","","","",""
"in-ae299dbb47ed482e","indeed","https://www.indeed.com/viewjob?jk=ae299dbb47ed482e","https://jobs.ashbyhq.com/EliseAI/dc08433d-67d7-4498-891d-f7f174e312c1","Senior Software Engineer","","San Francisco, CA, US","2026-08-17","fulltime","direct_data","yearly",240000.0,300000.0,"USD",False,"","","","recruiting@eliseai.com","**Location**
------------

San Francisco

**Employment Type**
-------------------

Full time

**Location Type**
-----------------

On-site

**Department**
--------------

Engineering

  

**About EliseAI**

At EliseAI, we're improving the industries that matter most: housing and healthcare. Everyone needs a place to live and access to quality healthcare, yet both are often harder to secure than they should be.
  
  
By integrating AI agents deeply into existing workflows, we make them more efficient, reduce costs, and improve the experience for everyone.

* **Housing**: We simplify how renters tour apartments, sign leases, submit maintenance requests, and stay connected with their property team—bringing everything they need for their home into one place.

* **Healthcare**: We make it easy to schedule appointments, complete intake forms, and we help patients communicate with providers, so everyone can focus on health instead of paperwork.

With EliseAI, organizations reduce manual work, improve accessibility, and deliver a seamless experience across essential services. We recently raised a $250 million Series E round led by Andreessen Horowitz to accelerate this mission.

**About The Role**

As a Software Engineer at EliseAI, you won't just write code; you'll build software that improves business operations and makes a real impact on people's lives. Instead of following a playbook, you’ll be creating it. Every single day you will be challenged to identify how we can scale and execute on it. You’ll work on a small team with other top Engineers, and you'll take on significant ownership, lead projects, and see your ideas come to life - you’ll essentially operate like a small startup within a startup.

**Key Responsibilities**

* Build systems that enable autonomous buildings to operate and communicate intelligently
* Work directly with our customers to develop and own new product features end-to-end from design to deployment
* Improve the scalability and reliability of our core infrastructure
* Propose and implement meaningful improvements to our architecture and design patterns
* Collaborate with product and design to turn AI capabilities into user-facing experiences
* Continuously ship new features and improvements in an environment deploying 100+ times per day
* Apply engineering best practices in testing, observability, and continuous integration
* Balance speed and quality while iterating quickly on production systems

**Move at rocket speed, build something massive.**

We’re scaling fast, solving real client problems with precision and ambition. Here, you own your impact; full autonomy, no micromanagement, no fluff.

We hire the best, expect the best, and give you the masterclass of your career. It’s hard, it’s intense, and it’s the most rewarding work you’ll ever do. If you’re hungry, driven, and ready to build something massive, climb aboard.

**Requirements**

* Startup mindset with a strong sense of ownership, urgency, and pragmatism in building and shipping software
* Ability to solve complex problems independently with minimal guidance
* Bias for action — you move quickly from idea to implementation.
* Solid understanding of system design and scalable architecture principles.
* 1+ years of experience in Java, C#, Go, or Python
* Willingness to work in person at our office 4-5 days a week

**Nice to haves include**

* Understanding of microservices architecture and event-driven distributed systems
* Understanding of machine learning and data
* AWS experience

**Why Join**

Growth and impact. It’s not often that you can get in on the ground floor of a funded (unicorn!) startup that’s scaling so fast. That means that instead of following a playbook, you’ll be writing it. Every single day you will be challenged to identify how we can scale and execute on it. You’ll learn what works when you succeed and what doesn’t when you fail. Either way, the rest of the team will be here to support you.

**Benefits**

In addition to the growth and impact you’ll have at EliseAI, we offer competitive salaries along with the following benefits:

* Unlimited tokens
* Equity in the company
* Medical, Dental and Vision premiums covered at 100%
* Fully paid parental leave
* Commuter benefits
* 401k benefits
* Fitness & home services stipend to cover part of your expenses so you can focus on what matters
* A collaborative in-office environment with an open floor plan, fully stocked kitchen, and all meals covered in the office
* Unlimited vacation and paid holidays
* We'll cover relocation packages and make the move exciting, not painful!

**Job Compensation Range**

The salary range for this role is $240,000 - $300,000. EliseAI offers a competitive total rewards package which includes base salary, equity, and a comprehensive benefits & perks package. Exact compensation is determined based on a number of factors including experience, skill level, location and qualifications which are assessed during the interview process. Additional details about total compensation and benefits will be provided by our Recruiting Team during the hiring process.

EliseAI provides equal employment opportunities to all employees and applicants for employment and prohibits discrimination and harassment of any type without regard to race, color, religion, age, sex, national origin, disability status, genetics, protected veteran status, sexual orientation, gender identity or expression, or any other characteristic protected by federal, state or local laws.

Please note that employment with EliseAI is on an ""at-will"" basis, which means that either the employee or the company may terminate the employment relationship at any time, with or without cause or notice.

Pursuant to the San Francisco Fair Chance Ordinance, we will consider for employment qualified applicants with arrest and conviction records.

If you need assistance and/or a reasonable accommodation in the application or recruiting process due to a disability, please contact us at recruiting@eliseai.com","","","","","","","","","","","","","",""
"li-4453592115","linkedin","https://www.linkedin.com/jobs/view/4453592115","","Backend Engineer","MVP Ventures","San Francisco, CA","2026-08-14","","","","","","",False,"","","","","","","https://www.linkedin.com/company/mvp-venture-partners","","","","","","","","","","","",""
"li-4415730729","linkedin","https://www.linkedin.com/jobs/view/4415730729","","Software Engineer","IXL Learning","San Mateo, CA","2026-08-14","","","","","","",False,"","","","","","","https://www.linkedin.com/company/ixl-learning","","","","","","","","","","","",""
